date,field,oil_bbl,gas_mscf,water_cut_pct,reservoir_pressure_psi,reservoir_temperature_c,well_depth_m
2023-03-01,Cerro Dragón,54427.203090882234,28821.854186717588,49.24298369657736,4172.128908618739,77.14848958890259,2794.495914604926
2023-03-02,El Trapial,40536.23857326044,15039.041241440957,19.622194037871907,3551.3856407312755,82.60878338498442,2642.241748962159
2023-03-03,Loma Campana,58868.97103178528,24514.40560860789,34.69174094513712,3342.545385173528,91.86869924943245,2845.894999847676
2023-03-04,Vaca Muerta,102375.2812305474,57703.23395221305,29.66953403606709,3942.8240728014107,93.29143169338512,2867.529869980109
2023-03-05,Vaca Muerta,100063.7408970132,44005.72250345829,44.2720832323491,4831.671259075124,78.95381368250496,3403.8155160668243
2023-03-06,Loma Campana,64246.109308237144,26396.67142221526,40.4727752030525,3610.438278750089,93.10306102246057,2858.404276013194
2023-03-07,Cerro Dragón,47358.20412785475,32155.32947483337,44.15150360967671,3810.9434050600944,92.32859357546869,2501.673342481816
2023-03-08,Cerro Dragón,41018.37207963767,26671.10231018712,13.69334986711921,4833.622933325906,83.78991392548197,2742.602202158364
2023-03-09,Vaca Muerta,99242.03842089223,61683.89187239598,15.35410866209606,5665.139235813265,91.98335306221358,2692.6693033215156
2023-03-10,El Trapial,33522.26422724699,13403.235449079084,32.856267823039396,3731.6583010749846,104.96747889760513,3180.882660772176
2023-03-11,El Trapial,26936.747031639406,21418.615092103184,48.155757532410455,3252.361912675951,87.7197657397435,2956.8344598265253
2023-03-12,El Trapial,42176.0647903428,31481.3170676858,46.03671456434822,3310.9353311363843,79.54416970317158,3002.5675598067833
2023-03-13,Loma Campana,72309.79837913699,63296.01281088584,31.921976115771944,3254.2691464819804,90.653974663965,2917.6105034948246
2023-03-14,Loma Campana,76284.01326766566,60552.681533705145,26.127077204563612,3027.675000711596,76.05375152910474,3128.3521288033326
2023-03-15,Vaca Muerta,100430.8574829845,55308.332997333084,20.4660990425565,5070.631914582059,96.82436712566724,3555.0718716047545
2023-03-16,Loma Campana,73791.15986939575,55225.74420820202,33.005654707918694,3210.3998694315524,88.93437389002003,3023.221470571195
2023-03-17,Cerro Dragón,46792.829826204725,27825.775004866988,43.32682648085894,3049.5804225153247,90.26735178191876,2820.9480623840273
2023-03-18,El Trapial,29419.258488443782,15489.937539547922,35.94179037214261,3797.7005028569174,86.24757674065272,3061.069151162899
2023-03-19,Vaca Muerta,90210.55148443428,60777.58525412127,50.70446103445842,4149.25661612897,79.95715119397262,2735.222353609101
2023-03-20,El Trapial,40416.335572279204,23361.14948417312,30.854978731395754,3648.0940869780084,94.84632627342076,2586.5138334656117
2023-03-21,El Trapial,44553.514764057705,16759.34894020357,20.61644620875191,5096.846043257579,104.65347410389869,3085.823057041425
2023-03-22,El Trapial,41112.14340762222,29110.116159939214,27.369274035176645,4068.452700520763,89.91317088318904,2948.3644988260603
2023-03-23,Loma Campana,74356.85923408957,38094.79277584757,36.34529977258932,2514.188158622488,91.07063066030896,2888.608433319284
2023-03-24,El Trapial,43318.59821373848,21436.82873133577,47.3358008772367,3115.064852261085,79.95653008948935,2711.3425277554315
2023-03-25,Cerro Dragón,49345.3181598924,34823.65781603089,63.26237070924976,3698.0706111552768,82.4678775683178,3053.5538637392356
2023-03-26,Loma Campana,80768.11177652248,46023.21425237432,4.3194646486623185,3205.6649214026197,85.45884043986734,3144.053134028827
2023-03-27,Loma Campana,65694.61297300758,35232.00901356375,37.53571502957035,2559.878118352881,90.69587776264954,2648.687207999077
2023-03-28,Vaca Muerta,93572.64721221248,58114.685624819416,32.646076452938786,3677.7166375349416,99.39687984841932,2716.8291309422093
2023-03-29,Loma Campana,76540.17707186581,53116.387269116094,28.246541265968787,4303.736681286893,97.14573298141806,2787.125615971352
2023-03-30,El Trapial,40619.284823166716,23539.21070572783,32.44142162036102,4134.1563737340275,93.16173625371353,3329.413100378297
2023-03-31,Cerro Dragón,47956.766195038916,25905.956307865552,48.840815272799325,3915.4032636355023,86.42136146743267,3151.20507845314
2023-04-01,Cerro Dragón,36029.51266574729,23206.767741678093,39.22177458079781,5387.282753507437,88.37664758843158,2683.2867507266074
2023-04-02,El Trapial,33979.21246751993,23949.62746058014,42.36084119111522,2983.264826697857,85.79482130280284,2927.788008968833
2023-04-03,Cerro Dragón,38039.43502081719,24258.877758993454,19.839974997899084,3444.3017578462945,85.90838612796925,3203.541808427755
2023-04-04,Cerro Dragón,47608.3408819914,18616.58923074676,40.935132956649745,3888.0132558910573,89.17026169234475,3132.175289648841
2023-04-05,Vaca Muerta,83879.7446149689,34650.913683600054,51.744946896951745,3148.9389075692097,88.88720430510033,3006.2055100328007
2023-04-06,Loma Campana,65721.65123159121,28586.402201604284,27.475923774150168,4632.792528531162,81.87620902279001,3097.891525901443
2023-04-07,Vaca Muerta,95018.14059521497,40297.766232956514,42.83381872775735,4352.485355350332,91.31175522744634,3063.7661688993935
2023-04-08,Loma Campana,64485.50939338014,37801.01828031851,15.396237307503085,3984.240281735385,91.90943310180273,2950.764225275749
2023-04-09,El Trapial,34733.75268091948,19321.100223390094,0.0,4822.119161962995,95.99691502502044,3030.07115976694
2023-04-10,Loma Campana,75054.4919728231,39274.43834821654,20.564069129344773,3829.35468908856,84.98310787683647,3201.0196041028075
2023-04-11,Loma Campana,61108.89099653458,36512.685911492685,9.281746253457726,4654.808650823132,79.25243453789912,2680.3648424858416
2023-04-12,Cerro Dragón,58910.44259202886,29484.494053806757,26.266920770902246,4196.602810945383,101.69406516095924,2789.736402442891
2023-04-13,Cerro Dragón,43073.40960042846,32967.599145196094,19.838383398412113,3862.362361906439,88.3993764548589,3284.854792283909
2023-04-14,Loma Campana,66824.9640172989,41086.55365810576,55.35145269358684,3096.248312393046,96.78323361629086,2818.619694850213
2023-04-15,Vaca Muerta,84774.10215375769,48515.51001988846,66.5934288462736,3386.760415308748,87.00969734553433,2630.518752738257
2023-04-16,Cerro Dragón,48859.44313707088,25733.375317251724,29.994385885952113,3264.6472686695647,94.14486894866364,2937.085398710297
2023-04-17,El Trapial,39548.06897030909,18952.15198149809,36.959381084076774,3893.7798079457084,90.90182840075634,2925.5521213307015
2023-04-18,Cerro Dragón,40043.738866494525,29578.830685871613,47.207370783098106,4245.713062690349,99.25073478193526,3281.0535963484895
2023-04-19,Vaca Muerta,96257.29974825132,71738.96801804328,41.57357357039327,3436.4444191636194,87.93426899021321,2975.59124887406
2023-04-20,El Trapial,34545.78284763438,27684.400137808436,32.17676188751675,2908.709915004367,96.52935186165098,3026.10542849739
2023-04-21,Loma Campana,71601.19856105739,46227.15056131114,30.40722972188242,3501.4260901415732,82.96316060070875,2821.218396155351
2023-04-22,El Trapial,39700.018331916544,25374.367519261243,38.834502159077516,4433.172478491259,88.79541798100708,2865.4093692436327
2023-04-23,Vaca Muerta,105638.80465045544,44410.53416258911,40.5116339171508,4163.525815282935,93.09762247899663,2657.953067711695
2023-04-24,Loma Campana,65043.50513176368,24955.50657391155,36.658046596692024,4952.674924394739,94.37346410982256,2730.3951180589283
2023-04-25,El Trapial,51394.19894788744,45917.43239031356,30.83846369598025,3562.3466291604586,94.7737795857763,2849.864174538253
2023-04-26,Loma Campana,74323.9542865226,68269.62903509232,39.69481526966095,5456.26739180008,87.69194551697478,3219.099250309809
2023-04-27,Loma Campana,67589.0639059466,36735.88967435342,39.24369858438962,5757.75890288963,87.21303273706991,2871.2835316371197
2023-04-28,Loma Campana,83028.86764669581,47291.476103029396,42.4670215287187,3627.288421088129,77.98958782682757,3258.856934156041
2023-04-29,Loma Campana,61384.029850712424,28628.45134122562,38.359877915664896,3582.990671238686,88.44078868295651,2443.1784521439076
2023-04-30,Cerro Dragón,49275.94241609644,22024.9301714211,47.66300092206057,4557.884770142857,94.81936376646833,3117.1435600920254
2023-05-01,Vaca Muerta,93063.24960913425,51720.57223539074,29.04272253566595,3535.6630206444815,87.09581761850797,2916.1924908116
2023-05-02,Vaca Muerta,107794.11508607693,79965.43407197215,26.46931774431617,4664.182177898251,87.3273011921778,3004.663789174944
2023-05-03,Vaca Muerta,83973.55911724761,36697.26319006288,24.011005056441043,3538.8878408559535,94.05710053539377,2953.9119504031046
2023-05-04,Loma Campana,73326.74493502514,58467.250027800306,11.085075296200412,3373.3021227120616,88.83976119048694,3107.189270728078
2023-05-05,El Trapial,43386.06160520144,17508.246958860433,31.86139316541741,3407.873445743257,85.99349648528136,2778.1131837348353
2023-05-06,Cerro Dragón,55663.931348696635,37479.37690090687,33.54505427992482,5277.873270644541,94.23354986786542,3001.76030273132
2023-05-07,El Trapial,38840.81573540352,30771.97343775964,25.731499643691304,4252.516343930353,94.06265461024894,2594.8385021463123
2023-05-08,El Trapial,45152.61177198698,29949.23956717159,42.676980843719754,3009.293745070284,88.17182274107748,2786.998484775017
2023-05-09,Vaca Muerta,99796.87754887233,73315.8424716704,44.73944913857307,4063.0360947103827,96.95756305295711,3219.503790646637
2023-05-10,Cerro Dragón,41167.44283803715,40260.77885300447,3.2875524190457526,3969.8128232479157,91.74833011723933,2744.944436587655
2023-05-11,Loma Campana,62956.513755394,40987.84195857448,30.60276802899621,2525.6930604002123,88.77088033567286,2845.1561068358633
2023-05-12,Loma Campana,81537.72610094746,79936.50453939992,33.82051979070056,3937.8970438692363,91.75478485680475,3048.919962397765
2023-05-13,Loma Campana,81569.99248648054,39066.962779961206,34.04641857136266,4611.835252313624,90.49501781483295,2876.485921213033
2023-05-14,Vaca Muerta,95724.97600763326,28727.6811370262,41.04589838060232,3888.131019599517,101.33062678758513,2599.245105746214
2023-05-15,Vaca Muerta,80717.77737855731,51025.61793635276,16.75900157957952,3830.911118110557,87.60310471217872,2326.5922400056766
2023-05-16,Loma Campana,70674.29198147514,54288.660033253516,24.360648040181363,4065.847148874716,91.90615382051283,3057.9338489310676
2023-05-17,Vaca Muerta,98145.15217986827,60859.64450035905,47.491793590309136,3145.544341074828,103.5694556296165,2668.6695817515556
2023-05-18,Loma Campana,71435.37589365541,30588.789655000357,31.757529790454,3174.447974800301,94.71860700640516,3195.7233561479334
2023-05-19,Cerro Dragón,55265.61499838641,19384.22311276707,32.35891289255728,3197.783249998513,88.97465548163301,2805.6550595171893
2023-05-20,Cerro Dragón,45483.015296116726,23838.159517636323,47.10049989381633,3654.924455563591,93.20215287685915,2808.2059229388647
2023-05-21,Cerro Dragón,51579.674398822535,46583.57011373968,29.19099053366537,4024.3726664245473,87.58907270381124,3287.701916295288
2023-05-22,Loma Campana,74316.93797602413,36088.320677011514,38.411681543304674,4977.4606895904535,94.22771845811717,2553.8541430855375
2023-05-23,El Trapial,38173.25093230132,26000.061475943286,17.554048864029298,3398.5312344202052,84.83078096613426,2864.087312400446
2023-05-24,Loma Campana,58778.2930773539,23009.605680029938,32.199230839280844,3017.146014426812,104.28110092173506,2893.6769256223783
2023-05-25,Vaca Muerta,88864.04507772133,79747.11894474397,18.110318991788034,3663.3473694819418,87.19230313537898,2654.008167742651
2023-05-26,Vaca Muerta,83729.65334208947,62132.8844225945,46.28564820193854,6076.413555385394,101.37155613395252,2721.120170221985
2023-05-27,Loma Campana,73500.44581299134,41200.274752816695,58.76651303921775,3256.9826248190902,85.10051478333472,2873.2500345735593
2023-05-28,Vaca Muerta,88966.15434905834,45359.6421903603,41.07017204702255,4128.768099637756,89.33696272434517,2962.2607908731993
2023-05-29,El Trapial,39745.41045771337,30969.586395633345,38.317552337464925,3999.1204479026383,95.21025373534158,2982.6125699087156
2023-05-30,Cerro Dragón,60048.141919132926,46057.51245063092,33.08696526712701,3016.730653959998,89.80066831629368,2580.2403756841495
2023-05-31,Loma Campana,63110.70561783699,17292.850309254754,32.62474172140793,3336.690621270974,98.50672846435499,2913.486264792962
2023-06-01,Loma Campana,89647.2630778308,77504.58814719212,38.064104868438996,5238.489065307444,95.6848503422284,2855.122972812824
2023-06-02,Cerro Dragón,46549.23219745379,32902.61188673863,28.439229282337063,3279.747023213868,91.41037689843411,2328.001880136193
2023-06-03,Cerro Dragón,60375.118587559504,23198.6869499448,39.032692603701136,4250.526583610332,89.97615588881766,2505.1962194566354
2023-06-04,Cerro Dragón,50985.42047119314,24556.54709408836,33.23701750406964,3019.9369846862514,84.23860979278047,2870.0386006446124
2023-06-05,Loma Campana,69279.63337636025,47128.99026844346,39.611727448180076,4719.052975430044,85.70506259987182,3264.088954368193
2023-06-06,El Trapial,47563.559384713415,31588.27381818041,47.48841161695353,3739.6825995184245,80.38803421441945,3169.8015977621512
2023-06-07,Cerro Dragón,57758.68542117447,27195.29503956635,16.171456738203982,3818.6465489825387,95.49014135295087,3202.5266369003184
2023-06-08,El Trapial,41361.1563813181,30479.380945011806,31.707178453695676,3507.8422457666597,97.49161372049117,2797.434590402686
2023-06-09,Cerro Dragón,43527.478603357245,34854.75131813453,32.558072268735415,5682.986604847805,82.41962215346516,2681.9459522498414
2023-06-10,Loma Campana,56992.20274336915,26722.54813645359,15.50159919747859,3339.5915890082465,84.92594329938879,2866.1738583876727
2023-06-11,Loma Campana,79238.35606870471,61256.0717492593,20.494670095876288,3735.9308613387325,98.62602856280623,3020.0210470274474
2023-06-12,Vaca Muerta,109757.25675929294,73021.71064982614,56.80738255051138,2726.75423145494,102.53422413602993,2616.4314202207056
2023-06-13,Loma Campana,79348.06272009682,37830.79003144694,37.58638856629758,5855.980558378456,79.60099444705581,2510.95338491826
2023-06-14,Vaca Muerta,98429.43617229427,67973.35629918426,30.611841704150883,3201.649431783412,89.88472596910484,2734.175242969541
2023-06-15,Loma Campana,65251.80373759823,26793.253616783364,48.933715016793144,3985.3904205110844,86.4155269275563,3008.7766377210955
2023-06-16,Cerro Dragón,53462.78692530429,41806.92679601141,42.21822049859639,3676.6174870570185,100.40191834540273,3078.954109540387
2023-06-17,Vaca Muerta,100471.72202544971,80123.17479900409,33.20917600844221,4329.888640894409,86.03180849519256,2664.1749783798405
2023-06-18,El Trapial,29126.380733227576,16474.136155386914,56.73965365066839,4049.9416138642378,90.24436596519651,2828.182268879495
2023-06-19,Loma Campana,78796.0433941543,67114.92198722254,34.2517617917859,3889.1105624575002,87.86980781899184,3663.4677683899404
2023-06-20,Loma Campana,62000.39923363389,39939.14716610638,41.22567800103331,3635.607324893721,94.58929737027617,2938.4799674089772
2023-06-21,Loma Campana,76250.75782690241,48833.62901343559,19.238482907547457,3211.490282942518,91.2790336872837,2750.7643444690766
2023-06-22,El Trapial,43795.82301724835,35225.949355819655,44.612175783002456,4398.670362801403,73.88046574826546,3126.221260833613
2023-06-23,Cerro Dragón,44929.0778694622,28624.45869700796,39.59275596076174,4229.523627579124,92.74182770167397,2788.4441464956894
2023-06-24,Loma Campana,61325.3007533829,38781.95953375749,24.129268521113552,3000.6723552493972,87.48362901928716,3172.4807542420203
2023-06-25,Cerro Dragón,58761.77477663891,27382.614311752808,32.35866511687838,4058.1826047501395,86.22922076530926,2820.409709369748
2023-06-26,Loma Campana,63176.040872330195,53664.42013247204,31.38578679467534,5482.027043148993,94.48159309492034,2700.1981835534975
2023-06-27,Cerro Dragón,52351.60026013512,16765.533368702192,49.41203520903513,4980.7639444579245,91.54999751514228,2719.5742052015
2023-06-28,Cerro Dragón,51227.46031317998,38013.90652719184,45.174470680900946,4694.4195411829705,95.86392368669212,2798.3108767243943
2023-06-29,El Trapial,39866.26591620363,14950.488365151748,26.0939737400179,4063.333954782767,86.79729560132503,2852.6438509603004
2023-06-30,Loma Campana,85317.18094121128,38889.91725989713,33.53318760525686,3802.9403000711973,96.35436063659132,2606.7835065293666
2023-07-01,El Trapial,33008.10969781215,13020.098786305462,22.39330407243882,4709.064558327894,75.60884769425913,2881.6972954529597
2023-07-02,Loma Campana,66601.16948114183,37228.68790040451,23.863259269678082,4436.902802326726,82.27268415448162,2753.354395225368
2023-07-03,Loma Campana,65798.507182752,38065.44413702948,42.914835157255006,3587.633874066066,89.07525576018901,2961.8307978164644
2023-07-04,Cerro Dragón,53251.73221923458,25885.067228836633,29.89836077556292,3871.9022929919756,89.13793600588251,2602.655638142699
2023-07-05,Cerro Dragón,43992.09106322892,11409.318627748957,50.79518129261457,4055.635083021302,97.8502766799614,3002.6286830010663
2023-07-06,Cerro Dragón,49103.644789923215,36813.78027713143,47.615590751372224,3387.297171763369,87.79468933515962,3001.960380318269
2023-07-07,Cerro Dragón,52420.94086816383,32336.272757542672,24.505044893454677,4396.71279149953,81.58801671277116,3104.987945227715
2023-07-08,Vaca Muerta,95341.06784432038,59650.62057813814,47.379630368401145,4519.239202988534,85.27340035484707,2953.929143909388
2023-07-09,Vaca Muerta,109958.57743933103,56360.43113541454,44.50161374775337,3930.710365892012,89.51444275345438,2677.1991516222392
2023-07-10,Vaca Muerta,92733.40137568547,77414.61504645561,43.13493552124473,4118.026742391286,101.80035692310742,3115.708920259899
2023-07-11,Vaca Muerta,86253.09940673134,73539.42381939825,52.327267725517316,3636.970641900097,105.76409556121429,2834.817448810334
2023-07-12,El Trapial,32895.05986234818,16539.275352177712,30.20444220949427,3592.371852219127,87.22504807928911,2359.453079857656
2023-07-13,Vaca Muerta,81625.40923882923,44958.07830280993,30.66484761830243,5398.681483347881,92.78658286114273,3001.8036208716094
2023-07-14,Vaca Muerta,87646.32103916976,72014.74854815712,36.797531183101924,4499.351360952,98.03769440007257,2773.0042515162636
2023-07-15,Cerro Dragón,50936.71053691793,28272.15014658586,40.38788022691172,3975.1582448513814,86.75097244584116,3118.9266303006134
2023-07-16,Loma Campana,62485.78356708356,35994.91612430736,44.755548909310264,3325.3900338110693,93.60050832493039,3302.869310267001
2023-07-17,Loma Campana,67974.34911397164,54546.730508387074,25.001387626662776,3981.832052309337,78.6592207387798,3176.7690013068964
2023-07-18,Cerro Dragón,57935.24935019597,43316.3913523543,32.16247346165955,3341.1528380163763,84.87058752738406,2875.6292578986595
2023-07-19,El Trapial,55006.48044948408,43711.6669332032,13.352663954104933,4081.3277390950025,87.44447962757475,2929.0516801207386
2023-07-20,Vaca Muerta,100881.58305633397,58167.81728867474,46.53723227137736,3294.6280321501386,92.52518187229852,2977.619405146737
2023-07-21,Vaca Muerta,97392.57918653327,57349.52437663984,41.822338391294586,4212.613543277986,94.45285253543204,2864.1240555236
2023-07-22,El Trapial,35961.776995695305,26044.252091581133,12.457532214168406,4431.451586512743,86.15754807007049,2962.241911116394
2023-07-23,El Trapial,41633.95376633434,23274.568905596556,36.713193660701506,2742.5251872784634,90.78872877341082,3253.970023545964
2023-07-24,Cerro Dragón,58470.83595358349,32925.21541938334,3.4252017731959263,5279.336432912101,95.48646195605286,2934.5007796436676
2023-07-25,El Trapial,33117.76461842037,23240.97458133449,13.744637179638872,2657.186639724672,101.70572057074402,2699.5212446133783
2023-07-26,Loma Campana,62192.02438124374,47332.51100269013,35.446019394779206,3670.3196588123205,94.82728118322774,2297.7774858430066
2023-07-27,Cerro Dragón,36997.252680481964,23156.980871051725,40.79457467928458,3549.4435718743716,89.3515032676706,3279.120248010989
2023-07-28,El Trapial,31895.51029419455,20494.696434118156,24.87051512757354,3476.2463423293516,92.39471387195124,3039.010260909344
2023-07-29,Cerro Dragón,41303.84886565132,30184.108340567065,20.026700315867423,3111.594595656932,93.67660214011084,3092.7022237762067
2023-07-30,Cerro Dragón,47296.22025903881,25790.602482562692,37.21585671292615,4912.773401814938,90.75907938353717,2981.4679496849235
2023-07-31,Vaca Muerta,92211.40762176437,42167.19540666829,50.67442772113274,3615.269306260542,94.34002049682432,3159.8668183238774
2023-08-01,Cerro Dragón,47704.928622419684,43681.03901392368,31.282882174500145,3606.0999395093127,80.6038849771955,3258.6911240547447
2023-08-02,Loma Campana,77393.00801693364,33287.04514558714,33.35348867767216,3445.8952227979235,91.91503640598526,2950.2006723390014
2023-08-03,El Trapial,43728.367423460135,24636.0671609806,47.562454037161075,3115.7858095503416,97.16207382897085,3252.8783934138173
2023-08-04,Vaca Muerta,100085.44850666844,67829.3027899654,21.808006713381957,4511.144904809187,88.05826812350851,2997.6438578564425
2023-08-05,Loma Campana,76233.31359081004,51619.20040618959,45.04868985085545,3110.4807304695655,88.3899100918284,2897.362424022258
2023-08-06,Loma Campana,82146.95086052577,45164.07414007573,43.884567748875455,3602.923421219352,90.60668551718219,2927.0733721731276
2023-08-07,Cerro Dragón,54768.528387411774,36704.15369356378,23.37090830121734,3567.6518608524384,92.64225593138104,2841.555546289245
2023-08-08,El Trapial,44267.483507852165,30522.501444956295,26.335412771382927,4541.425584446148,85.03070567878774,3317.640163476432
2023-08-09,El Trapial,43661.6077808928,22406.73964955487,39.92433496967172,3380.5555263847523,93.70637496008926,2562.256001935354
2023-08-10,Cerro Dragón,50723.900326214294,29733.670060607405,27.27303353222577,3163.0395192047354,79.91182569861293,2818.0383869693746
2023-08-11,Vaca Muerta,101345.78382235393,74937.82880284943,39.70452489140931,2373.5705183321934,96.9309859381329,3164.1048944816157
2023-08-12,El Trapial,34684.55287012356,12974.214342692976,39.72572528263047,4652.312351219217,91.59856784662936,2562.3021706671448
2023-08-13,Cerro Dragón,50584.74489130989,33381.53957939642,38.46148294312608,3215.6891454564666,80.41406261068109,2907.563953195687
2023-08-14,Loma Campana,74806.22235304651,49098.68249765785,50.690924515229995,6406.464263431359,97.44933335668247,2983.955758072394
2023-08-15,Loma Campana,76777.33903186576,71046.53945275895,24.453349343314812,4490.914361548407,79.7581693378383,2783.3734488064947
2023-08-16,Cerro Dragón,48479.36926481739,37999.03163940565,42.33203888765188,3602.5168398317187,92.8678028995634,2903.377917577179
2023-08-17,Cerro Dragón,53253.6818350532,38355.35480909258,16.815771542768474,5196.178567749517,88.49602795442898,2701.288712024623
2023-08-18,Vaca Muerta,90971.89794002948,31852.389411494092,40.008969861677606,3665.2223519723752,84.54247030611323,2767.399147965697
2023-08-19,El Trapial,35522.94247486073,24455.713011966258,42.995805433576095,4113.85829173821,80.59372004061473,2725.7989384119496
2023-08-20,Vaca Muerta,94183.82663382248,59678.23696368119,41.01137329943334,4212.653386299028,86.12670474895478,3142.456539040425
2023-08-21,El Trapial,37810.43700876512,20287.41410860918,30.69236064679754,4920.63974514335,88.55471737017292,3058.392099911884
2023-08-22,Cerro Dragón,44662.83793761317,42392.63518136942,22.820274418719073,3567.2022860834213,95.96607638171278,2931.8353317652973
2023-08-23,Cerro Dragón,56846.64745638673,44804.28040508997,55.32884234318921,6020.501467121495,90.89037429596263,3021.4583659778427
2023-08-24,Loma Campana,65881.20083632175,42764.023622809356,36.79205929026421,3202.537947553547,87.96095813536415,3135.4495990641226
2023-08-25,Loma Campana,70118.46064089178,57064.09925224781,51.76927297154031,3786.7238271828232,93.31437865730125,2879.8749869013222
2023-08-26,Loma Campana,67191.3458763751,52259.17263271935,44.60595306572286,4125.290941217334,93.19342665755703,2455.0059036564817
2023-08-27,Vaca Muerta,96902.7922723356,25243.42824519888,33.100936982345225,4617.071464665143,93.11614761499688,2374.9938971521533
2023-08-28,Cerro Dragón,53152.00625068613,42463.88897994381,52.892628471708804,4748.059247741909,103.45969982649441,3028.04357642765
2023-08-29,Vaca Muerta,93191.05229347738,45121.49054293825,37.613953776654434,4231.882171359901,88.14685544185697,2751.582480125538
2023-08-30,Loma Campana,69782.3939897993,57732.93201969675,40.38286483626027,4016.447539414147,91.84734347875984,2956.1113442819556
2023-08-31,Cerro Dragón,36318.009140587994,14856.647435727422,30.289106954308227,4592.851903092756,100.8291535879402,2760.5696714079486
2023-09-01,Loma Campana,80867.33843049688,36013.97071878607,46.80875283474198,3907.834532554767,88.98233851182296,2868.427213174033
2023-09-02,El Trapial,25545.412619210234,16200.581331579051,31.105179552469046,4348.211522437621,84.42189520024307,2816.773338197353
2023-09-03,Vaca Muerta,86560.30266916992,30713.690870172595,51.28304635219777,3982.040629070886,86.02781967206676,2917.0065005987044
2023-09-04,Vaca Muerta,89487.24244409963,57273.286179360955,29.127237252626813,4966.865263798486,85.59569662757863,3051.0182238107695
2023-09-05,El Trapial,48069.45580294458,29873.780300658564,18.145482803072838,4136.942214532828,88.17848359994717,2885.862575469359
2023-09-06,Loma Campana,66084.70995831183,42860.798478098826,22.360793387394086,5362.073715044022,84.11609885922977,3123.723502751923
2023-09-07,El Trapial,43516.37158526215,38322.38104094703,35.930624536951996,4460.678148720036,86.82994535068609,2646.2485008498425
2023-09-08,Cerro Dragón,58072.911479581555,32655.735839696223,43.77231032413857,4805.639768334808,94.3742748587015,2692.1158506946076
2023-09-09,El Trapial,53890.97171146747,21554.699885170372,46.527826159381036,3971.4468582616187,84.83783154703694,3091.8136505428984
2023-09-10,Cerro Dragón,41523.4141687689,28603.18461530039,22.85509382364652,3921.2648655632584,91.26180610305188,2749.8265032398403
2023-09-11,El Trapial,39541.833125502024,27081.874931345363,47.783339211082,2888.480070764549,93.06779558212135,3226.595128265583
2023-09-12,El Trapial,52744.389784738276,35736.26589857737,31.01039354505858,4192.10805387114,81.37740316701358,2867.322014246507
2023-09-13,El Trapial,40671.6290353514,27360.403191234593,30.056018987776138,4851.013984060484,91.69993151157236,3247.018818236446
2023-09-14,Loma Campana,64948.18881089191,37872.78132391432,49.872766714186575,3516.201042026452,94.55443901024587,2895.223902008083
2023-09-15,Loma Campana,72477.0347783507,41973.4466530656,64.6601289720721,4166.848375263246,96.81949706646708,2742.052888779655
2023-09-16,Loma Campana,72643.88938847993,63678.11739959218,53.94668740668318,3796.1002627600133,75.84329851475084,3002.965841499592
2023-09-17,Cerro Dragón,55199.863900953,36208.28945850384,43.94994130957786,4282.915098124564,75.8713124293433,2868.2767677465763
2023-09-18,El Trapial,38769.9447102278,22773.225695614758,42.88728552622982,4195.1892923475925,87.67878613580612,2935.62603623873
2023-09-19,Vaca Muerta,90848.0107537817,51471.90532464163,25.48138824407307,3595.853603186448,98.36248478723857,2766.295034448246
2023-09-20,Vaca Muerta,94481.26793049395,68852.54910337247,50.36781030954017,3492.8461219574674,99.94161656942595,2485.747045079254
2023-09-21,El Trapial,36821.39611560216,20930.586708173243,47.028984972779966,4683.6077018535825,100.00677688684097,3181.6393226488935
2023-09-22,Loma Campana,77613.55477435683,63601.45490350864,62.08485078701961,4731.874382097974,80.93843187263445,2866.990926907512
2023-09-23,El Trapial,35801.83307483187,17311.757490551052,29.645311344057266,3911.313102654781,84.7665304635737,2967.1008556373044
2023-09-24,El Trapial,35859.20599120554,18650.147586914638,34.08060498041606,4320.134786192647,101.72294789339304,2755.085483237259
2023-09-25,Loma Campana,67071.10617120126,34209.832339735825,63.22051550390338,4594.304532983565,83.99847709216405,2822.1820192314462
2023-09-26,El Trapial,33815.57997829354,19667.14128845169,28.94651198479864,4234.912335316961,89.77157600300285,3030.3000316803614
2023-09-27,El Trapial,43511.56912085926,37316.10986541973,33.58834619133187,3747.2185355175943,97.47201663028406,2812.03739502647
2023-09-28,Vaca Muerta,101412.90880336355,72708.33404231483,28.870142092056092,3161.0479713645655,88.46495639544851,3085.4157172360688
2023-09-29,Cerro Dragón,46401.63714928115,30420.56352996193,40.93555270313596,4082.891419742487,76.39732369012144,2720.437470992716
2023-09-30,Loma Campana,65390.66004252618,44499.12364310765,4.772829300032836,4975.498416158521,98.6088685623067,2677.805223728093
2023-10-01,Cerro Dragón,61571.21681342684,40613.95602054619,40.41827920553146,4716.106019160407,92.52679421257761,2971.374586268923
2023-10-02,Cerro Dragón,49535.08938517508,23482.96493564632,46.440564981766315,2692.3197577299275,94.43457922053305,2916.7691090893604
2023-10-03,Vaca Muerta,103026.6733406156,65821.19211450913,25.101139703469233,4283.57319442768,92.43049458733583,2775.9272225436534
2023-10-04,El Trapial,30916.64700691,20794.7564406824,31.623641847153735,2539.648844120824,98.68467193532682,2809.953114763714
2023-10-05,Vaca Muerta,98880.2930283369,61773.38066996116,52.396759553078404,4363.850808545034,90.99456133007108,2738.918532923599
2023-10-06,Vaca Muerta,80973.54098138299,45175.76157980421,39.335240773677675,3560.1363326154406,86.29482980852282,2598.199527579551
2023-10-07,Loma Campana,68107.52720480459,46172.985730207634,46.14082173978967,4843.056319685376,75.21702801117762,2956.0924205577717
2023-10-08,Cerro Dragón,45599.889839164236,25246.157991398075,41.54747835887625,2808.399068907857,87.16197139162001,2739.63754765363
2023-10-09,El Trapial,40023.990592786744,17764.959840840987,51.17911243886345,2640.024942045553,91.5971162862819,2862.706129189839
2023-10-10,Cerro Dragón,54240.437751234545,29486.90346335051,13.68483684077479,4328.924322904432,82.79510878072516,2927.635344049239
2023-10-11,Loma Campana,71752.12577383021,45027.02378596945,57.65789663318643,3270.8775693678954,83.67737186430527,3082.5933434857598
2023-10-12,Loma Campana,83605.82904832433,61546.61283969315,33.83822635328841,4914.860385182646,87.67721785925208,2902.127982475462
2023-10-13,Cerro Dragón,45373.576753147354,32903.523443167505,25.594219622741534,4149.083323450342,86.51943599804301,2616.052186336404
2023-10-14,Cerro Dragón,50179.50926866707,34719.11210585522,26.253818232162843,3842.8586123554587,83.4007148548393,2916.871469299678
2023-10-15,El Trapial,35107.26767021591,17960.15488624432,39.89951664043007,4267.160314125542,93.91545363601806,3137.1305880830846
2023-10-16,Loma Campana,81172.28289964468,61432.60431019722,19.588824361916146,4584.640343700936,95.08226010828227,2840.8906280205015
2023-10-17,Cerro Dragón,57162.71238999828,36076.87121134824,40.78838824498033,2898.614134399225,94.91985858712684,2977.7419110741803
2023-10-18,Cerro Dragón,45213.032639257995,30457.18914343518,48.03601714308313,3297.025589867587,87.58716646941534,3011.0164054494962
2023-10-19,Loma Campana,73914.87451052024,49079.174324761414,27.210396002968658,4735.2173138087655,93.10833730211269,2606.7728951088257
2023-10-20,Cerro Dragón,38165.06829726254,22090.02339560104,31.184607123458463,3819.3605725375646,92.48388448954763,3389.3904421221478
2023-10-21,Vaca Muerta,88716.33398685351,23399.784391030826,17.859322226999865,4018.374726054107,87.88014821924631,3440.6300828867556
2023-10-22,Vaca Muerta,103639.12489515745,39460.31199792174,21.617624511609552,2707.317661204278,89.32801189213151,2943.3496425900757
2023-10-23,El Trapial,41636.95923217491,27535.393994430993,36.085197044041585,3315.4200869980177,79.16300168198329,3203.9152037283943
2023-10-24,El Trapial,38088.36883861618,30067.98927282196,21.118271958539786,4111.879548757187,93.67671581901698,2820.530378195208
2023-10-25,Loma Campana,76583.76329486573,29136.890992279143,24.77307472606512,4705.028141041586,90.86378319386385,3128.0977362399317
2023-10-26,Vaca Muerta,74256.64549502375,43275.63813512309,24.684144487376322,4546.077373598843,86.7686321227604,2493.7509373314197
2023-10-27,Vaca Muerta,81765.44768532217,62242.45605685485,29.95766840909495,4829.601030559888,93.44582407772636,2906.9095029461214
2023-10-28,Cerro Dragón,47229.90072806982,40991.81777909101,26.003983091198698,4140.220575302043,104.79601661405948,3079.5045407388525
2023-10-29,Cerro Dragón,58931.16665880414,48430.76567714972,33.86942239800971,5442.808795808314,87.65851513075935,3124.3930046780406
2023-10-30,Vaca Muerta,93705.89764296706,50529.30480620674,45.34255857037644,4173.392385654538,83.91726697035178,2822.701157453021
2023-10-31,Vaca Muerta,93988.1888942677,51572.542827897465,32.200745452069334,3824.3551939610147,94.55391671409964,2871.3860349663237
2023-11-01,Cerro Dragón,52734.303441343305,37742.98499415156,41.42276056522538,5339.424943670102,91.06326695390432,2955.3897401884283
2023-11-02,El Trapial,33330.35738513347,27044.16226621527,27.46605854049249,4899.951013627778,99.60499846966722,3590.092374209558
2023-11-03,Loma Campana,64063.789540361126,51946.24119479138,50.531501791180176,3139.955674373459,85.08010456199234,3557.0663846688276
2023-11-04,Vaca Muerta,97087.1403109323,44841.651355349044,12.410540447746765,4335.311677185194,87.34637711544818,3013.9163971528933
2023-11-05,Loma Campana,67829.95304016744,36997.61757011027,52.55724833379653,3593.645680651093,98.7083860339971,2810.6531808881796
2023-11-06,Vaca Muerta,86912.47062848585,68075.06338559807,32.24480509442364,5259.487860175192,87.01276282571328,2420.627834605741
2023-11-07,Loma Campana,76426.49617946321,69050.87486117335,31.108849376840386,4157.679226335869,84.69736730733422,2979.5039806711648
2023-11-08,Vaca Muerta,107747.56296249559,40893.6888449645,47.81487790787127,3120.0574529736527,80.21983602184477,2697.4986693928495
2023-11-09,Vaca Muerta,89061.69736481734,52365.69442459385,57.29039251070219,3903.6441018435326,93.62476144919201,2958.8328514135624
2023-11-10,El Trapial,40880.949312259996,20970.88947124949,5.5788301483110665,3270.049077698419,88.62899759352435,2548.783548576821
2023-11-11,El Trapial,30105.79627441265,16431.779469491463,6.566323484086801,3905.7443155037718,89.59077108158348,2880.241563813575
2023-11-12,Loma Campana,67068.05729463715,43850.38627647867,23.92736113995495,4078.2434588689785,93.63581359778337,2749.512397978304
2023-11-13,Cerro Dragón,55299.921632713835,25259.24680964757,48.528921379443496,3871.4239370259806,97.15448507346639,2819.041454430907
2023-11-14,El Trapial,34249.77604019052,31028.55404705012,30.395865070593075,3379.816282515533,86.52593653625863,2638.2885352853423
2023-11-15,Loma Campana,81885.85890244268,46325.531684949856,27.820812395653398,4606.845197985425,88.81275831007707,3248.571519412673
2023-11-16,Loma Campana,77224.21127926711,39581.66624044628,24.20873990396457,4733.046378671729,82.28068169801179,3190.834567025228
2023-11-17,Cerro Dragón,51941.53812028932,22269.92521750125,17.611291987993734,3937.3306278615487,82.81436595598775,3270.9713882694696
2023-11-18,Cerro Dragón,53183.99499013568,38927.73533944772,32.95982388657203,3074.271178064171,92.22914088294957,3220.429439789322
2023-11-19,Cerro Dragón,55797.85686706277,19652.735381015937,35.34501810880324,3737.4587719786546,90.55742586860924,2809.24431011801
2023-11-20,El Trapial,38117.48607323463,30924.395129369204,42.67490511813524,4843.485651984034,92.16801118962013,3114.9513219382616
2023-11-21,Vaca Muerta,107620.94028258129,68178.78896682481,51.936073269430615,3281.5793071152093,98.7435551676211,3344.295495468513
2023-11-22,Cerro Dragón,60270.04734740792,37067.850133071566,13.943935779217135,3802.396150202495,89.93488444574778,2838.6901944421293
2023-11-23,Loma Campana,71390.05830137419,33702.046832555185,25.14518257832581,5274.774884894606,80.52239205647327,2885.479340185947
2023-11-24,Loma Campana,75749.09341157357,50838.28381332375,40.13880340980562,3877.6154332341366,90.85248605494738,3103.576564846543
2023-11-25,Loma Campana,68415.4002559021,46004.11885385573,26.731809469604656,4491.186933970752,91.13450295950797,3077.265616290932
2023-11-26,Cerro Dragón,44259.685904974365,29961.921428177073,27.072950715300056,4510.142710378277,91.14567853180137,2675.8870005747253
2023-11-27,El Trapial,50300.49005283556,26398.28705675288,28.19027087732932,4319.713645303514,92.53037413697226,2784.553744810022
2023-11-28,Cerro Dragón,60032.163516898225,28412.39810756132,41.61483469385537,2505.88705686484,92.27854502530971,2928.184878848526
2023-11-29,Cerro Dragón,31996.88829657171,25814.95456902603,17.805422135251664,4950.381582536534,83.47419110234473,2436.536354932326
2023-11-30,Cerro Dragón,55465.4647680166,51300.34685544356,52.99667619775938,3592.476253680132,96.60188655232773,2409.2807118947503
2023-12-01,Cerro Dragón,39929.082032131075,26754.574814896187,37.49143936790962,2978.3739042269494,82.49650012043548,2229.1612192776024
2023-12-02,Vaca Muerta,107988.6717156943,74432.32650923062,24.25977290415678,3430.677856550696,97.21333035030814,3064.680784591626
2023-12-03,Vaca Muerta,100316.25786305901,83814.43494428585,45.092572394389,3002.115386465195,87.99585746540764,2656.7491870382696
2023-12-04,Vaca Muerta,93954.31049542369,50490.93737939126,42.321164738650666,3769.2693437479925,92.00919681353211,2764.0941956242054
2023-12-05,Vaca Muerta,96634.22992833094,62196.101966095855,44.4448064663456,3811.593742738675,87.24581106639869,2628.0704558959205
2023-12-06,Cerro Dragón,56928.213662658185,30961.995466619508,50.37832198102096,3445.857031382924,85.17283063683979,2866.5210859611116
2023-12-07,Cerro Dragón,56981.619933765964,28631.681491933672,50.504686664198886,5689.670654414006,90.59836988075342,2829.029220921724
2023-12-08,Cerro Dragón,37047.35691708974,22731.13303881225,16.76854500210462,4068.8818557991553,96.8265522613265,2580.3917630717096
2023-12-09,Cerro Dragón,43096.23894004229,16567.59547520696,26.621619887696305,4025.246199990287,94.425888046521,2745.355389743125
2023-12-10,Loma Campana,61716.89643205408,28938.83870779213,40.78790263162798,4157.0015255194,103.04327161309773,3073.536510985456
2023-12-11,El Trapial,45353.87652081715,19625.347135959397,32.84512260974227,4790.814514362397,80.64893508267873,3102.8218702308563
2023-12-12,Loma Campana,66451.77542813418,25733.699669284208,43.64916864801982,3564.8229252011115,91.9023529977744,3096.8924900531024
2023-12-13,Cerro Dragón,45917.078218535804,21381.250275256,75.76415418153081,3287.0375243855847,81.66709602183175,2721.2858515198504
2023-12-14,Cerro Dragón,46208.93735812721,26022.72782585646,45.04843025093861,3988.8782828880103,96.87167411528944,2936.3262731564405
2023-12-15,Vaca Muerta,90689.33011602343,44250.16632627349,45.00695595148017,3895.795120442138,98.64594486794785,2882.6920469586253
2023-12-16,Loma Campana,65463.54054135311,41840.880591924615,50.17006627984208,3231.56718676874,97.02392339824517,2782.334840162066
2023-12-17,Loma Campana,74541.22067162437,56611.269930234295,50.51805282159283,3097.135066867065,94.91985513210247,2741.7689490446296
2023-12-18,El Trapial,42021.553612332005,22397.197784789252,47.69997672427725,3967.685129191382,89.40172381386469,2832.3149156627305
2023-12-19,El Trapial,44005.943886166686,37853.2390883012,45.39365070410146,5178.65436322564,84.69646035422623,2889.159146363968
2023-12-20,Loma Campana,81190.24032844006,44702.31771577639,11.399687661337186,4034.7026272213716,96.05270560385034,2521.561457548981
2023-12-21,Loma Campana,65483.383734192525,29362.405689751417,27.52260979301893,3121.9492793739064,89.09791106039812,3034.1559383671092
2023-12-22,Cerro Dragón,52645.91227937794,37805.88504016764,47.36436290554409,4066.1971124089464,85.71465236372089,2913.019015661915
2023-12-23,Loma Campana,84212.0785967867,53307.020390761085,33.33861031989045,4280.923275705244,94.54388920191626,2944.945274237045
2023-12-24,Vaca Muerta,87229.63221696723,62925.66994335839,26.72229619697412,3735.5916223781064,91.3048042542706,3164.0509215435986
2023-12-25,Vaca Muerta,91714.75714428519,57368.98078209494,42.069029279325925,3940.062347169193,84.4113139996226,2973.9126777799765
2023-12-26,El Trapial,39352.49887619966,24852.745513238384,21.470673530580854,3246.5797662624536,86.80617998801799,3108.525089357615
2023-12-27,Cerro Dragón,55169.857004692974,38281.31085536487,46.79159069373517,6735.649964917223,85.73573344778129,2535.25580757153
2023-12-28,Cerro Dragón,44869.6184082668,22587.654265516136,39.55794795069937,4054.2448201954385,86.79669088088302,2719.9747376606715
2023-12-29,Loma Campana,69853.424721202,51371.820760046576,28.223799253957594,3149.316844935456,90.84692816478865,2587.2503178811835
2023-12-30,El Trapial,36971.260701177634,20375.047398008177,23.343418342484636,3881.81018488128,105.55099452298836,2757.9222632956403
2023-12-31,El Trapial,38710.37790587008,16666.907675615632,27.656873709444756,4473.27329356832,81.1390169456992,2752.6250122932856
2024-01-01,Vaca Muerta,91599.86841112596,61803.1009080315,35.182030748229664,3804.0250184911934,94.55018673125174,2870.4722398914173
2024-01-02,Loma Campana,77843.77506384368,41225.67782332876,33.46276456355688,4612.111923523754,80.47137179529719,3109.542328029421
2024-01-03,El Trapial,32346.02629024478,23625.183758709296,36.27587037561532,3280.6194402471074,97.3125596692279,2861.6196130629983
2024-01-04,Loma Campana,85826.3007772313,63530.99429205458,30.98376363963816,5211.848047745146,97.02402159819609,3305.664173936715
2024-01-05,Loma Campana,70224.24876741847,34870.22424687263,35.48791134340465,3109.926643401785,91.62740307734933,2987.929704770369
2024-01-06,El Trapial,45175.16423664236,24933.142469314833,52.322426514449674,3107.671833106785,87.07999744643948,3060.961752048089
2024-01-07,Vaca Muerta,86034.99143782092,56168.76878044336,39.43236714402804,3615.7444552466404,80.21042410180121,2919.9844600669635
2024-01-08,Loma Campana,63135.55360585377,44164.33486887008,53.447873238178516,4564.5502323432975,101.22469820714447,2765.721953398744
2024-01-09,Loma Campana,64847.059699210935,29110.069088198903,22.367803822699393,4684.995610620337,92.54283090034971,2610.46274595636
2024-01-10,Cerro Dragón,38745.88939348046,23789.988590542274,39.84754976581778,3504.830337668256,102.16290186929956,3169.4742868041085
2024-01-11,Loma Campana,66342.00674191664,38880.68357660037,58.62404155198518,3986.6178268932663,95.86375596284671,2919.0200179810267
2024-01-12,Vaca Muerta,104744.26711316788,55780.56750665688,38.4534311438696,3072.3601869000177,87.7809925599627,2572.4983871604477
2024-01-13,El Trapial,53016.19233246267,34996.581941001605,36.70256412963534,4241.797989098025,83.56656327211935,2505.6563142142536
2024-01-14,El Trapial,39315.08929146437,25283.913145420425,37.83518169277149,3610.501289786824,98.25764732626675,2514.760385234311
2024-01-15,Loma Campana,70884.42381936219,35332.07812814032,24.26067514707624,3884.0001994063223,98.37141774580547,3177.6028624473875
2024-01-16,El Trapial,40344.59417451627,23285.0740148179,60.55346248931471,4161.020672781031,98.62897599092302,3287.0645246115205
2024-01-17,Loma Campana,87307.99188252629,40306.932843588285,32.15844659457929,5131.638477477277,97.64630931559532,2381.9473189805703
2024-01-18,Loma Campana,82936.89241492329,34373.412222954044,37.67314753063865,3119.491376997973,80.39870525455362,2641.7535674618343
2024-01-19,Loma Campana,84768.46269190605,54203.5973867006,35.142824696648695,3677.1583475022717,91.29507084786582,3162.3891267703893
2024-01-20,Cerro Dragón,58637.788076690296,43690.31481086034,32.08731292754213,3600.3894698383674,84.70015252602583,2860.3354042027927
2024-01-21,Vaca Muerta,95771.09389803802,26845.922054408977,49.19089316373111,5171.7740495955095,78.71366269451822,2790.7499076309455
2024-01-22,Vaca Muerta,103002.9582546239,44921.994051066016,23.92988373080304,3535.6287534990133,93.52918397893208,2739.076118959229
2024-01-23,Loma Campana,69244.57140312683,55334.10814578144,38.05061513910856,4171.158643514158,91.75657564680738,3042.0792912261027
2024-01-24,Cerro Dragón,60118.88308772817,41242.18357204608,32.84865606065885,3608.464071092836,87.24009646963671,3073.8901383800926
2024-01-25,El Trapial,42979.10674684175,22953.414869397213,34.98732598816305,4041.628695300942,89.6258747947895,2685.544190145986
2024-01-26,Vaca Muerta,101595.50000890673,61158.70324297188,32.31956216938249,3837.8931157660586,83.60143207709237,3325.9821351091005
2024-01-27,El Trapial,39931.727061194746,8483.707036377076,38.464590317828645,4084.7626451058427,92.46604445829728,2815.3062257702895
2024-01-28,Cerro Dragón,52632.73740827314,33179.722614314065,41.65120217725439,3624.853164093494,88.48280463185651,3000.8555424335964
2024-01-29,Vaca Muerta,92688.32120504891,58574.357696249215,32.98395650612804,3469.4679826648708,96.75095091555588,2615.5975322031086
2024-01-30,Loma Campana,75342.69216599884,27707.697222699837,20.704288524710112,4461.369679334776,103.860369224933,3091.317866929557
2024-01-31,El Trapial,47570.13263218588,37659.02578313717,34.977785873224626,3469.081376003585,90.35831894810184,2675.4281136970603
2024-02-01,Cerro Dragón,46204.31082375666,33177.10395617414,31.690065277785592,5212.010738690654,88.96456355438372,2966.449465770873
2024-02-02,El Trapial,45784.71288019451,35899.813712670475,25.7741491219358,5094.483530392149,90.88215880221173,3205.6506601530355
2024-02-03,Cerro Dragón,55374.05690496987,45000.290551012775,50.41753728301593,3319.9534398983556,95.32789037626091,2496.2865940928755
2024-02-04,Loma Campana,65605.26063099109,34337.50928830314,50.01704282226947,5916.431755270037,90.52533129070544,2603.1625929831416
2024-02-05,El Trapial,44937.87185922419,31310.491170807138,24.348155321026642,3361.208588500437,82.30464890559466,2779.9581287611336
2024-02-06,Vaca Muerta,77160.11243066742,52909.392111449255,43.97348662462492,3442.6937320724237,84.99612480997163,3182.549100265854
2024-02-07,Loma Campana,77043.46605113163,43805.494201282556,46.61963135895238,3823.864665265375,92.2585743824284,3292.527948132712
2024-02-08,Loma Campana,67822.37936956929,36911.336084279996,31.63977635259647,2952.8371933890944,102.14389644290107,3332.501568072839
2024-02-09,El Trapial,30134.46982356454,19404.27011887568,42.74092585576714,3585.9946361030047,94.29775529511471,2588.1785927033507
2024-02-10,Cerro Dragón,39326.697843931375,34865.92922659961,24.76626987929876,3256.645027753722,77.92229289882131,2820.9468424043475
2024-02-11,Cerro Dragón,45608.48643318024,27013.165575956657,26.578346153964976,2986.704404575174,95.06888526511621,3141.8590617258615
2024-02-12,Vaca Muerta,94502.66018099635,80523.34482392567,15.462024002673171,3387.873070410756,88.36050667336478,3163.994379365556
2024-02-13,Vaca Muerta,109722.56135638052,71836.88399145259,37.34859131935244,4504.69556671921,99.73038104383704,2873.214229137776
2024-02-14,Vaca Muerta,95463.9714323349,36442.245171958144,22.179187561943515,6704.5842650130335,89.98710717076995,3305.449390630646
2024-02-15,Cerro Dragón,54787.58122094425,59461.64233638357,34.40207129225337,3208.763083545233,83.38266820759053,3244.8540213539286
2024-02-16,Vaca Muerta,84039.45867683185,26419.786462780008,27.108035070132576,3675.9915531505926,98.3110552316468,2724.583912387689
2024-02-17,Cerro Dragón,47165.39437671351,31932.38077121839,26.81371298812966,3929.477127206118,79.38216769588348,3074.8222942779007
2024-02-18,Cerro Dragón,45575.55829209655,25772.125536729392,7.8886367049688815,4488.874195702845,89.44531445202048,2578.6782717370133
2024-02-19,El Trapial,37798.41034120606,21544.434920188025,28.275857790732744,5599.245788378065,86.23839586288014,2693.0424009233593
2024-02-20,Cerro Dragón,49578.43298043644,14296.52914724893,31.381762938552654,3618.812781689407,93.35034187236988,2991.843758998906
2024-02-21,Vaca Muerta,92865.42790842018,75926.77656857221,48.81880458788013,3952.8986107660226,94.02116239230278,2796.8128274269334
2024-02-22,Cerro Dragón,49856.84387193508,32325.29309464797,39.57541140498933,4561.655732372404,87.99159300432866,3215.324064885824
2024-02-23,Vaca Muerta,106355.46450452186,107242.26377473254,36.439883964421,4070.1267300951768,91.9423010995074,2845.586528490158
2024-02-24,Vaca Muerta,106898.22345742295,39128.495892046194,41.8342892978111,3691.624111929619,91.7015527138609,2957.1798841743143
2024-02-25,Vaca Muerta,85002.48516282866,53037.17535072206,9.075493424692134,4030.626082122152,97.75898743593814,3115.577555866361
2024-02-26,Vaca Muerta,86911.75129071374,43654.691600250786,29.852247103787953,4173.172153620236,97.67614540166325,3139.6995954595805
2024-02-27,Vaca Muerta,91859.40958995747,68650.40563546607,27.17553100995533,3227.52691424945,92.65624666001199,2871.3902024147746
2024-02-28,Loma Campana,72391.22869502197,52656.910024262295,41.503932154420895,3938.796344043973,81.8614226936932,2649.8427082907588
2024-02-29,Vaca Muerta,72707.21525188672,39975.727376132854,54.76746171216847,2386.0546162241435,95.50988154635823,3154.3775610027224
2024-03-01,Cerro Dragón,35522.90274794596,6251.1928579613095,44.858579885318036,3487.340046578786,88.4120839552466,3370.0926973076107
2024-03-02,Cerro Dragón,40626.44387049098,19686.491617890602,39.211658658344234,5557.297675377786,83.49386848241872,2914.294966081157
2024-03-03,El Trapial,46790.395172714685,19957.14323002812,42.40655572026546,2882.745450564924,91.21220017186144,2706.7665472590265
2024-03-04,Cerro Dragón,54012.188755928364,34578.102527226096,38.26557225269686,3744.6389569197872,90.60738240068477,2037.456961585307
2024-03-05,Loma Campana,63422.970657447375,36435.747915433356,29.859291055513708,4375.125890514521,97.5642439648509,3001.830411712921
2024-03-06,Vaca Muerta,103876.68306904832,70807.05725975671,36.09782802609857,4470.03244996106,88.61622805559315,2833.8604687205952
2024-03-07,Cerro Dragón,48133.25449172589,23411.341007195595,33.92042778536347,3805.7785611060986,93.52340943697543,2765.3921481936736
2024-03-08,Loma Campana,59485.870353166974,36365.57651665692,39.22762051063649,3914.0304719581745,99.05268839376683,3010.548466715956
2024-03-09,Vaca Muerta,97724.81218091052,80900.79563167656,34.04069451677454,3907.9165343487934,99.97481455919038,2738.5139502692896
2024-03-10,El Trapial,37468.274925082784,32753.66820807068,52.712798074857204,3501.995763340737,101.36585441204593,3041.151032860761
2024-03-11,Cerro Dragón,53352.81109091361,42377.71250121635,32.87554590621728,4174.371203956313,91.52666086180918,2995.740641907655
2024-03-12,Vaca Muerta,96217.34770624303,59752.67209080994,43.021229226358045,3556.601011091815,93.10616867479875,2839.7234061557638
2024-03-13,Vaca Muerta,96576.3873137011,59839.845651485746,26.113786719887145,4284.8488274796355,77.57416991243352,2869.7176227954333
2024-03-14,Loma Campana,72278.0540551602,57706.086441593165,18.55161278379151,4188.568020955679,82.29785602839642,3258.112315217671
2024-03-15,Vaca Muerta,86393.4342853393,52788.973799360036,41.763403766702034,4766.723883743617,97.46055051055603,2679.113777771888
2024-03-16,El Trapial,45337.54568498741,16079.002465293028,54.586713231838175,3842.464632987114,94.11694162955058,2786.467676359234
2024-03-17,Loma Campana,70792.30267279029,21573.10277153635,54.900959492062526,4694.037504218855,99.61868728349415,2904.7587109226706
2024-03-18,Loma Campana,64512.32898416568,50880.20714891722,16.73762482919068,2933.7952643078447,82.74985924009924,3167.5560548398817
2024-03-19,Vaca Muerta,87080.43723028901,56757.62540856669,54.90813379462725,5198.07848723579,87.36319164991242,3101.8508247053533
2024-03-20,Loma Campana,70963.66763748869,49099.39932340887,44.8462930538312,4862.215542796565,89.6533719048287,2294.4731672567746
2024-03-21,Loma Campana,64944.34302508416,62874.321026100704,28.596064547362694,3058.420843214309,93.60694102700384,3015.613162841468
2024-03-22,Loma Campana,62989.55844468436,54492.06205310727,42.8957423215381,4099.456321257579,87.00727297643938,3054.874850070498
2024-03-23,Loma Campana,65139.58587909934,45703.157353084105,18.871450941794738,3900.4103156465944,75.5560599818625,2251.943197874372
2024-03-24,Vaca Muerta,94231.8462494778,54788.725343208025,21.270292735497257,3888.8370537693,96.80991660440787,3005.9459196132193
2024-03-25,Loma Campana,73349.23483746254,39305.04423434199,34.48808644770974,3229.2172866778174,90.55996293543198,2879.8632353261655
2024-03-26,El Trapial,28038.506869243814,15761.78673368294,40.8167071298952,2999.2053366733853,95.8198233790261,2947.386577152097
2024-03-27,Loma Campana,86663.97042317707,61123.470939481835,33.23765603474022,3513.7330332979723,81.63837152075374,2535.905373824487
2024-03-28,Loma Campana,74825.25944519465,51751.99774506172,30.989861810759614,3256.954070829259,93.56564624495884,3044.201596741876
2024-03-29,Loma Campana,64057.31510930325,43729.31137420039,44.71344152590469,4041.43703749465,85.08577600324105,2966.423726858537
2024-03-30,Loma Campana,63156.34235742432,48804.91763517491,27.913562287755095,3474.7953328781346,86.4608221087018,2308.2678904826375
2024-03-31,El Trapial,38531.97704463048,30483.817139600847,32.39065737657897,4780.9299226700405,93.132524647825,2259.5508527805987
2024-04-01,Vaca Muerta,103355.23556631518,49028.33537916571,29.52716178157529,4104.64083436978,95.89745666193879,3095.0684298384967
2024-04-02,Loma Campana,73200.08471639866,59624.78111155406,47.94712207642176,3904.9095427268817,87.35596120122857,3021.697494327011
2024-04-03,Vaca Muerta,103662.28648740472,72640.53455553512,24.632779940667852,5033.110502413065,86.22596763497688,2528.0859381863074
2024-04-04,Vaca Muerta,83754.82560738189,17796.301163987664,54.57827527377594,3753.4216135478605,92.5981786912486,2704.7136796191594
2024-04-05,El Trapial,49459.31671142204,27089.176248609794,49.338193934979444,4424.547557277657,99.29209831094562,2707.193474241997
2024-04-06,Loma Campana,66547.78391990685,41327.90131954577,27.01973926621822,4119.899102820144,83.28732459454073,3334.9338881071135
2024-04-07,Cerro Dragón,45399.460193177365,39712.4441860619,35.6213690170203,4506.444362278258,80.40837345671697,3238.314817852565
2024-04-08,Loma Campana,75832.26556244805,33639.25459047661,35.283012622352004,4267.910821176405,92.44146114528988,2850.166627986923
2024-04-09,Loma Campana,75712.622586702,46425.9113366327,44.40606219687516,3235.0225951444127,87.15950099790743,2798.2531950084535
2024-04-10,El Trapial,29799.810743839935,15118.329407554162,27.12500500072196,4011.715361461179,82.4005545172951,3127.8398793331044
2024-04-11,Cerro Dragón,55602.931264661966,24884.130197172824,42.482252815284646,3676.301403604553,80.59339687204832,3156.5190500686717
2024-04-12,El Trapial,28635.069180128856,14214.293411219252,33.20101578192369,3672.781872187737,81.92891388029406,2406.2151918734126
2024-04-13,Cerro Dragón,57759.94527002259,30964.63934441137,52.01454965623419,3572.8391615891783,90.52563456115261,2965.714030415328
2024-04-14,Vaca Muerta,89428.9430420611,42348.28254360298,37.18576307926381,3603.3496002295265,80.64262749806389,3106.0445831359584
2024-04-15,Loma Campana,78350.5496766585,37671.69876017234,20.172367563540984,3655.8698324349575,83.41011759922539,2950.3946221967412
2024-04-16,Cerro Dragón,61393.919784503254,32469.7885709884,42.6294552212099,4391.187210418433,94.01000509627869,3260.708564921047
2024-04-17,Cerro Dragón,47379.12022021763,26271.793754757426,48.468509357149024,5014.740880137999,86.78069846848885,2949.7332489208097
2024-04-18,Cerro Dragón,53912.518536034426,33914.40267150392,24.720718416460144,3879.0402655124626,88.37400177688434,2718.4971520885742
2024-04-19,Vaca Muerta,106661.9468382398,61505.65466283547,35.640643226262114,4126.588517154278,87.32700770654203,2902.2219352727234
2024-04-20,Vaca Muerta,101239.77174292319,58603.40762184061,11.698681015002158,3008.2050553670892,87.90800359901286,3193.452021068722
2024-04-21,Vaca Muerta,90266.70729705079,56621.290123030914,14.08690555438245,2682.8521929195176,82.79045185456907,3004.692997361947
2024-04-22,Vaca Muerta,99185.53222652007,54881.18174901064,32.681853333724305,5072.070473260225,88.45448713225164,2808.5438167836564
2024-04-23,Loma Campana,73115.43623564854,52679.124898971764,46.98998604791043,4772.938353298118,83.11064627758205,3033.934635192612
2024-04-24,Cerro Dragón,58921.668165741496,43432.75600079054,45.180450554496815,3619.1668827346584,94.58587127196273,2611.8210870866624
2024-04-25,Vaca Muerta,93397.66168694929,74574.06941047579,44.184926478644954,4006.5844278096088,90.62570213598568,2350.810834496543
2024-04-26,Vaca Muerta,87773.76062839024,63762.13948155925,38.92965275867121,4451.728423707843,91.65381178572456,2937.590130298921
2024-04-27,Vaca Muerta,96130.56941908253,74163.67576895551,53.14131057905202,3331.3345861312,93.19538010864949,3145.9167087597098
2024-04-28,Cerro Dragón,60439.48942691252,34298.235269189434,23.77061792152747,4958.032282390926,79.99245942040935,2728.5202746763807
2024-04-29,Vaca Muerta,92480.46434752755,36365.22425962998,42.61892966026677,5290.99841233938,89.05661472994478,2654.5569767985894
2024-04-30,Vaca Muerta,120939.97162157713,67480.5647648373,57.73314853072304,4432.444034719014,95.02274970180103,2856.478936024556
2024-05-01,Vaca Muerta,97097.9973308571,57461.44838318487,38.403026251972214,5017.883080446703,82.0157050577995,2355.1161399881385
2024-05-02,Cerro Dragón,52659.64885042431,39780.10991792214,52.642530700989525,3469.4855885481056,94.21320610049123,2344.2378878074965
2024-05-03,Vaca Muerta,87167.48669194014,48197.52292707263,44.71575156687387,4193.394478025194,88.13474525740179,3073.0344633977534
2024-05-04,El Trapial,34387.15676568772,19461.973635467337,17.889733970509415,4874.225466727672,75.83965066222102,2450.3026859871898
2024-05-05,Vaca Muerta,97317.62061948591,39823.21673119397,34.63714155665967,3239.251747229972,79.1012067926311,2850.078077308895
2024-05-06,El Trapial,44090.77749358461,16587.085718112514,28.087790534656286,4054.633857065885,90.26132133011902,2704.405273936343
2024-05-07,Cerro Dragón,53790.68294462133,26333.525851588183,51.762444894642016,4321.819463175313,86.30567314762817,2722.172961901027
2024-05-08,Cerro Dragón,48264.20236638689,28104.389743210006,39.202944910837495,3040.81153674702,78.01105521505103,2799.6637161074664
2024-05-09,Cerro Dragón,46757.573155323036,28644.340438852058,29.219668093758436,2677.3742763872297,88.26772271180108,2821.8957522093588
2024-05-10,El Trapial,44934.69250895441,26064.18641192594,29.870809593604015,3881.803209844365,91.1688507381222,2775.088340306519
2024-05-11,El Trapial,47800.01808895343,31318.668195065347,18.860998123405864,4086.1267545338405,87.83479913561871,3043.73670083287
2024-05-12,Cerro Dragón,42533.092618846116,26689.293577224023,42.55809266724481,4004.9388119883047,98.52365604034665,2795.301417708627
2024-05-13,Cerro Dragón,48704.45305134552,29410.89300472946,36.30826668854021,4245.187118682199,81.88769499294429,3031.2097471001975
2024-05-14,Loma Campana,71263.10471947711,31870.209073077003,34.688115122811304,4327.599049185009,89.83582225728226,2377.9993350244968
2024-05-15,Loma Campana,61355.206707360376,18783.37568885851,46.19497300660458,3155.457874641475,91.79914171770027,2888.2954180951547
2024-05-16,El Trapial,40595.71272013737,18385.352692439817,49.801768023386586,4599.1175849788015,83.91597701573929,3365.9298268511866
2024-05-17,Loma Campana,77165.94279032538,29316.87477953101,24.269220268120588,4882.381313370912,88.49322315796064,2458.366631458181
2024-05-18,El Trapial,28201.65161171191,16778.650349697946,27.41868466980747,5176.060912301594,102.73140168330504,2524.5085957692186
2024-05-19,Vaca Muerta,94205.6081523762,66776.82954184576,25.52187212319109,4175.355907294796,79.18007361956742,2845.7558454348446
2024-05-20,El Trapial,56384.90498132238,29696.038088131074,43.648082013590226,2903.3154120665963,97.55267301478287,2876.478745714233
2024-05-21,Cerro Dragón,51994.70252814721,24465.440440767914,34.74440432532078,4212.266673232433,97.5820526308948,2892.9261967147313
2024-05-22,Vaca Muerta,89901.43024262489,31435.4904788067,23.393567930633257,5164.34620604439,90.19337540226557,2865.4363744267143
2024-05-23,El Trapial,34135.31207556975,23296.891276132566,30.980772449857195,5246.776560998221,99.19698267492645,2900.416177558703
2024-05-24,El Trapial,40642.963936235734,20029.876581092274,21.774541652886214,3334.036100310906,96.8816211603052,3408.7044857224196
2024-05-25,El Trapial,51528.66049230158,25126.14374754529,43.869513343574745,3231.118114458589,89.34916606606677,2773.2706579847318
2024-05-26,Vaca Muerta,100060.70999304067,14450.073444203923,36.78450492543642,3450.410779584618,79.497462297669,3062.221387315699
2024-05-27,Loma Campana,65004.782870519084,28290.91183517092,24.87037581483966,3350.9597594388893,92.5858188868834,3033.5034891334262
2024-05-28,Cerro Dragón,53288.815128319635,32774.50134683897,27.464543001542122,4963.972828683492,81.25454905287599,2737.395124824752
2024-05-29,Cerro Dragón,51217.818619738944,24958.52529485705,51.58565641208269,3950.933247281642,94.29320502860526,3131.8230699491096
2024-05-30,El Trapial,35431.197274905084,27093.4596647927,39.45274509852776,3318.696575100442,84.89043194835173,2649.174829759084
2024-05-31,El Trapial,44991.03980265374,31079.391424918915,40.11319123145299,4839.75477635874,92.97545384228948,2918.1708083257586
2024-06-01,El Trapial,34961.25474774877,25112.579140728998,38.0814304078163,3500.2665662638055,91.59975217775718,2996.960288173787
2024-06-02,Loma Campana,82132.35168701786,39070.33827373997,51.70827221533938,4016.9913389454337,82.07748981870742,2530.5785729193217
2024-06-03,El Trapial,40353.193062852166,23370.044007220033,52.462816071904214,3747.5427250363123,90.32450881706337,2861.4844909200206
2024-06-04,Cerro Dragón,52099.52433539459,33642.86744011257,46.09698748438662,3584.6090395311335,94.02790116663077,3155.557905760307
2024-06-05,Vaca Muerta,105404.84244534245,74656.90596055143,22.058591168080774,3286.852669846904,84.59721656765308,3089.4420495379027
2024-06-06,Vaca Muerta,102792.5867407704,56471.748369040084,31.589865364348167,3060.6752924796483,86.26176938183632,2902.388536083955
2024-06-07,Vaca Muerta,84793.49372455625,54546.74171405506,38.148156820173746,4299.11799777359,80.23467083593657,3040.4159824874378
2024-06-08,Cerro Dragón,54363.01525229539,31516.86207611112,39.02266314759187,4125.817054955461,90.03271100268546,2900.6852704821126
2024-06-09,Cerro Dragón,44168.85470509283,32969.12332880351,45.77260719804667,4237.183801709744,94.2084474036944,2868.5121390100157
2024-06-10,Loma Campana,75063.84891708715,19654.456521442888,43.21566911240983,3093.2023086785534,91.1018815619299,3450.7427374935046
2024-06-11,Cerro Dragón,49204.552964862894,38326.49172803907,32.006472330734354,3777.3984147022893,86.30199204347704,3092.993652427542
2024-06-12,El Trapial,40672.6980243955,21937.973011771544,55.95469512636214,3947.6656778114534,91.04498774458769,2930.4696843600864
2024-06-13,El Trapial,44092.653320435515,32172.98199576458,41.35015256004664,3111.5687390804246,92.44875242130519,3141.9096340724764
2024-06-14,Cerro Dragón,43431.04435098529,18361.387059951314,31.089251119292832,4104.498323207784,93.30061976769647,3038.86351134996
2024-06-15,Cerro Dragón,44578.68480900124,19921.281095127797,63.98216494602535,5517.077031655306,101.83787554961276,3150.739527852245
2024-06-16,Cerro Dragón,51768.9516498886,36099.1681449209,15.671402848428382,4277.70003430316,96.32711125399841,2833.808251312556
2024-06-17,Loma Campana,82848.48287352239,25716.421865816264,24.44279646916715,2737.925931145606,94.11408622630455,3151.951102580443
2024-06-18,El Trapial,36299.224627686584,24671.42246477687,13.717688279741989,4693.2879912156595,92.24705402819987,2800.2539530340655
2024-06-19,Vaca Muerta,76297.58907990585,42490.57224978132,32.41468312304093,5098.300222151727,90.98084486185947,2813.259212424095
2024-06-20,Loma Campana,69717.61877311692,31074.740499897587,23.74222534088458,3371.775241372448,93.69483007223505,2472.0795854424923
2024-06-21,El Trapial,45833.16855174667,41130.50883690273,5.14056518454046,2917.511738036352,99.84295859170113,3254.9078653807674
2024-06-22,Vaca Muerta,89318.9269839576,74036.56804818589,24.903343509170398,3524.5503316988816,89.05721644396921,2857.259080919391
2024-06-23,Loma Campana,70667.18110326097,35831.38362376376,27.25500864037921,3138.2003978795965,95.08953457357526,2999.4661359746938
2024-06-24,Vaca Muerta,100429.21297197747,60650.0397598027,47.419482389431074,3342.593738078937,85.93038782073049,2733.9356655344377
2024-06-25,Cerro Dragón,42481.5387564429,19817.876558521977,36.55417590538379,5072.563493092616,84.2091419016444,2536.227435694808
2024-06-26,Vaca Muerta,84269.40707048336,49756.76811996688,31.81012607866903,4176.531024597972,91.38932059665832,3053.5315521614666
2024-06-27,El Trapial,34261.2793728181,33682.763363721984,9.9027099400469,3420.337730839939,92.86736111550059,2436.6404902284885
2024-06-28,Cerro Dragón,52469.50416663929,33303.201874145736,54.57920384725796,3843.3127244236084,90.63954101278632,2893.7497937684143
2024-06-29,El Trapial,42000.53313029173,21789.918219403724,39.998032791896065,4149.66276387366,87.07649585694985,2829.3847740985348
2024-06-30,Vaca Muerta,84193.60073297854,44462.92060151738,37.50372138689583,4740.892990987689,95.58188049664956,3057.8926665288673
2024-07-01,Loma Campana,73724.34537688961,32955.12432585718,44.72520783363676,4233.010802410417,95.09861313779639,2673.7622986168208
2024-07-02,Cerro Dragón,58204.74253431555,26268.090757784496,51.242143849125355,4252.632122999189,84.73547605920481,3235.370613229156
2024-07-03,Vaca Muerta,117347.3061873858,95663.0180845945,42.38235026995826,4109.947681235272,83.11183206812939,3028.502384721657
2024-07-04,El Trapial,36028.17413567412,14221.56885307201,31.61937044638596,3829.545547338983,82.0793970952002,2527.2721688925376
2024-07-05,Vaca Muerta,110332.25448416371,30732.982575129736,33.382886122049115,4357.6999976530415,93.55082352799765,3059.844974815107
2024-07-06,Loma Campana,85395.26111722956,45764.068943700404,39.90308749036112,3784.6798292963854,90.26015626310546,2672.522721716974
2024-07-07,Loma Campana,76259.28757058774,71546.39415810819,43.38589046671504,3400.113685044936,86.79510026246933,2393.3014984583256
2024-07-08,Vaca Muerta,105320.20853301011,63226.54926793509,42.959802756548534,6945.70298645348,91.38509389344067,2763.6988282504367
2024-07-09,Cerro Dragón,43360.68275725836,28924.510001529594,32.06215306000821,4359.38796754975,93.1172781272992,2784.692946413071
2024-07-10,Cerro Dragón,48154.31208589718,34235.78174825787,44.72481653672855,3166.5962304134036,97.33085579241094,3360.725945038913
2024-07-11,Cerro Dragón,52721.3617415261,14507.481730548945,29.359127715453493,4754.585849900104,90.9085514060074,2994.839563876337
2024-07-12,Vaca Muerta,84790.87900355303,37573.13770096181,34.95014634198929,2891.9174911433756,82.43983647677824,3103.48101213493
